"# of Use","# em Uso"
"%1$s incl tax.","%1$s incl taxa."
"%s - %s","%s - %s"
"%s Item(s)","%s Item(s)"
"(%d)","(%d)"
"(Copy data from: %s)","(Dados copiados em: %s)"
"(Will make search for the query above return results for this search.)","(Iremos fazer uma busca para os critérios que retornem resultados nesta pesquisa.)"
"* Required Fields","* Campos Obrigatórios"
"-- Please Select --","Selecione..."
"86400 by default, if not set. To refresh instantly, Clear the Blocks HTML Output Cache.","86400 por padrão, se não informado. Para atualizar rapidamente, Limpe os caches de saída para blocos HTML."
"A group with the same name already exists.","Um grupo com o mesmo nome já existe."
"A name is required","Um nome é obrigatório"
"A product type is not defined for the indexer.","O tipo de produto não está definido no indexador."
"ALL GROUPS","TODOS OS GRUPOS"
"AM","AM"
"Action","Ações"
"Add Attribute","Adicionar Atributo"
"Add Design Change","Criar Tema"
"Add Group","Criar Grupo"
"Add New","Criar Pasta"
"Add New Attribute","Criar Atributo"
"Add New Attribute Set","Novo Grupo de Atributos"
"Add New Group","Adicionar Novo Grupo"
"Add New Images","Adicionar Novas Imagens"
"Add New Option","Adicionar Nova Opção"
"Add New Row","Adicionar Nova Linha"
"Add New Search Term","Criar Termo de Pesquisa"
"Add New Set","Criar Grupo"
"Add Product","Criar Produto"
"Add Product To Websites","Adicionar Produto para Websites"
"Add Root Category","Criar Categoria"
"Add Subcategory","Criar SubCategoria"
"Add Tax","Criar Imposto"
"Add Tier","Criar Faixa"
"Add to Cart","Comprar"
"Add to Compare","Comparar Produto"
"Add to Wishlist","Adicionar aos Favoritos"
"Additional Information","Informação Adicional"
"Alert Urls","Alertas Urls"
"All","Todos"
"All Product Types","Todos os Tipos de Produtos"
"All Websites","Todos Websites"
"All products of this set will be deleted! Are you sure you want to delete this attribute set?","Todos os produtos selecionados serão excluídos! Deseja realmente excluir este atributo?"
"Allow All Products per Page","Permitir Exibir Todos os Produtos na Página"
"Allow Dynamic Media URLs in Products and Categories","Permitir URL Mídia Dinâmica nos Produtos e Categorias"
"Allow HTML Tags on Frontend","Permitir tags HTML no texto"
"Allowed File Extensions","Extensões de Arquivos Permitidos"
"Allowed file extensions to upload","Extensões de arquivos permitidos para upload"
"An error occurred while adding customers for the %s alert. Message: %s","Ocorreu um erro ao adicionar clientes para %s alerta. Mensagem: %s"
"An error occurred while adding products to websites.","Ocorreu um erro ao adicionar produtos para websites."
"An error occurred while clearing comparison list.","Ocorreu um erro ao limpar a lista de comparações."
"An error occurred while removing products from websites.","Ocorreu um erro ao remover produtos do websites."
"An error occurred while saving the URL rewrite.","Ocorreu um erro ao salvar Reescrita de URL."
"An error occurred while saving the attribute set.","Ocorreu um erro ao salvar atributos."
"An error occurred while saving the collection, aborting. Error message: %s","Ocorreu um erro ao salvar a coleção, abortando. Mensagem de Erro: %s"
"An error occurred while saving the product. ","Ocorreu um erro ao salvar o produto. "
"An error occurred while saving the search query.","Ocorreu um erro ao salvar termos de pesquisa."
"An error occurred while saving this group.","Ocorreu um erro ao salvar este grupo."
"An error occurred while trying to delete the category.","Ocorreu um erro ao tentar excluir a categoria."
"An error occurred while updating the product(s) attributes.","Ocorreu um erro ao atualizar os atributos dos produtos."
"An error occurred while updating the product(s) status.","Ocorreu um erro ao atualizar os status dos produtos."
"An invalid group ID is specified, skipping the record.","Um ID de grupo inválido foi informado, ignorando registro."
"An invalid option ID is specified for %s (%s), skipping the record.","Um ID de opção inválida foi informada para %s (%s), ignorando registro."
"An invalid store was specified.","Uma loja inválida foi informada."
"Anchor Custom Text","Vincular a Texto Personalizado"
"Anchor Custom Title","Vincular a Título Personalizado"
"Applicable to catalog products and categories only. Any media content will be inserted into editor as a static URL. It is not updated if the system configuration base URL changes.","Aplicáveis aos produtos de catálogo e somente as categorias. Qualquer conteúdo de mídia será inserido no editor como um URL estático. Ele não é atualizado, se o sistema de configuração URL mudar."
"Apply To","Aplicar Para"
"Approved","Aprovado"
"Are you sure you want to delete this category?","Tem certeza que deseja excluir esta categoria?"
"Are you sure you would like to remove all products from your comparison?","Tem certeza que deseja excluir todos os produtos da sua lista de comparação?"
"Are you sure you would like to remove this item from the compare products?","Tem certeza que deseja excluir o produto da sua lista de comparação?"
"Are you sure?","Você tem certeza?"
"As low as:","Menor Preço:"
"Assign","Atribuir"
"Assign product link","Atribuir link ao produto"
"Assign product to category","Atribuir categoria ao produto"
"Assigned Products","Produtos Atribuídos"
"Associated Products","Associar Produtos"
"Attrib. Set Name","Atrib. Nome"
"Attribute ""%s"" is invalid.","Atributo ""%s"" eh invalido."
"Attribute ""%s"" is required.","Atributo ""%s"" é obrigatório."
"Attribute Information","Informações do Atributo"
"Attribute Model","Modelo de Atributo"
"Attribute Name:","Nome do Atributo:"
"Attribute Set","Grupo de Atributos"
"Attribute group with the \/name/\"" name already exists""","Grupo de atributos com o nome \/name/\"" já existe"""
"Attribute with the same code already exists","Já existe um atributo com este código"
"Attributes","Atributos"
"Attrribute names can be specified per store.","Nomes de atributos podem ser específicos por loja."
"Autogenerate","Automático"
"Availability:","Disponível:"
"Back","Voltar"
"Backend Model","Voltar Modelo"
"Backend Table","Voltar Tabela"
"Backend Table Title","Voltar Título da Tabela"
"Backorders","Pedidos que Voltaram"
"Based On","Com Base Em"
"Best Value","Melhor Valor"
"Block after Info Column","Bloco depois da Coluna de Informação"
"Bottom Block Options Wrapper","Bloco Abaixo Opção de Empacotamento"
"Bottom/Left","Abaixo/Esquerda"
"Bottom/Right","Abaixo/Direita"
"Browse By","Navegar Por"
"Bundle Items","Itens do Pacote"
"Buy %1$s for %2$s","Compre %1$s leve %2$s"
"Buy %1$s for %2$s (%3$s incl. tax) each","Leve %1$s por %2$s (%3$s incl. imposto) cada"
"Buy %1$s for %2$s each","Leve %1$s por %2$s cada"
"Buy %1$s with %2$s discount each","Compre %1$s com %2$s desconto cada"
"Cache Lifetime (Seconds)","Ciclo de vida do Cache (Segundos)"
"Cache refresh needed.","Cache precisa ser atualizado."
"Can be used only with catalog input type Dropdown","Pode ser usado apenas com catálogo tipo de input Dropdown"
"Can be used only with catalog input type Dropdown, Multiple Select and Price","Funciona apenas para campos do tipo Combobox, Seleção Múltipla e Preços"
"Can\'t create image.","Não foi possível criar a imagem."
"Cancel","Cancelar"
"Cannot create image.","Não foi possível criar a imagem."
"Cannot create writeable directory '%s'.","Não foi possível criar um diretório com permissões de gravação '%s'."
"Cart Item Attribute","Atributo do Item do Carrinho"
"Catalog","Catálogo"
"Catalog Category (Anchor)","Catálogo Categoria (Vínculo)"
"Catalog Category (Non-Anchor)","Catálogo Categoria (Sem-Vínculo)"
"Catalog Category (Without Subcategories)","Catálogo Categoria (Sem Subcategorias)"
"Catalog Category Link","Categoria"
"Catalog New Products List","Novos Produtos"
"Catalog Price Scope","Catálogo Preço Escopo"
"Catalog Product Compare List","Catálogo Produto Comparar Lista"
"Catalog Product Email to a Friend","Catálogo Produto Avisar um Amigo"
"Catalog Product Image Gallery Popup","Catálogo Produto Galeria de Imagens Popup"
"Catalog Product Link","Produto"
"Catalog Product View (Any)","Catálogo Produto Visualizar (Qualquer)"
"Catalog Product View (Configurable)","Catálogo Produto Visualizar (Configurável)"
"Catalog Product View (Grouped)","Catálogo Produto Visualizar (Agrupado)"
"Catalog Product View (Simple)","Catálogo Produto Visualizar (Simples)"
"Catalog Product View (Virtual)","Catálogo Produto Visualizar (Virtual)"
"Catalog Section","Seção Catálogo"
"Catalog Seo Popular Search Terms","Catálogo Seo Termos de Busca Populares"
"Catalog Seo Sitemap (Category List)","Catálogo Seo Sitemap (Categoria Lista)"
"Catalog Seo Sitemap (Category Tree)","Catálogo Seo Sitemap (Categoria árvore)"
"Catalog Seo Sitemap (Common)","Catálogo Seo Sitemap (Normal)"
"Catalog Seo Sitemap (Product List)","Catálogo Seo Sitemap (Produto Lista)"
"Catalog URL Rewrites","Reescrita de Url"
"Catalog, Search","Catálogo, Busca"
"Categories","Categorias"
"Categories Sitemap","Sitemap de Categorias"
"Category","Categoria"
"Category API","API de Categoria"
"Category Data","Dados da Categoria"
"Category Flat Data","Categoria Unificada"
"Category Link Block Template","Categoria Link Bloco Modelo"
"Category Link Inline Template","Categoria Link Inline Modelo"
"Category Products","Produtos"
"Category Top Navigation","Categoria Top Navegação"
"Category URL Suffix","Categoria Sufixo URL"
"Category attributes API","Categoria atributos API"
"Category move error","Categoria move erro"
"Category move operation is not possible: the new parent category was not found.","Não foi possível mover a categoria: local de destino para categoria não foi encontrado."
"Category must be an instance of Mage_Catalog_Model_Category.","Categoria precisa ser uma instância de Mage_Catalog_Model_Category."
"Center","Centro"
"Change","Alterar"
"Change or Retrieve attribute store view","Alterar ou Recuperar atributos da visão"
"Change status","Alterar status"
"Check items to add to the cart or","Escolha os itens que deseja adicionar ao carrinho ou "
"Choose an Option...","Selecione..."
"Clear All","Limpar Todos"
"Close Window","Fechar Janela"
"Collapse All","Recolher"
"Comma-separated.","Separado por vírgula."
"Comparable","Comparável"
"Comparable on Front-end","Pode ser Comparável"
"Comparable on the Frontend","Comparável no Frontend"
"Compare","Comparar"
"Compare Products","Comparar Produtos"
"Conditions Combination","Condições de Combinação"
"Configurable Product","Produto Configurável"
"Configurable Product Settings","Opções de Produtos Configuráveis"
"Configure Product","Configure Product"
"Continue","Continuar"
"Copy From Configurable","Copiar de Configurável"
"Country/State","País/Estado"
"Create","Criar"
"Create (Upload)","Criar (Upload)"
"Create Empty","Criar Vazio"
"Create Permanent Redirect for old URL","Criar Redirecionamento Permanente para a antiga URL"
"Create Permanent Redirect for old URLs if Url key changed","Criar Redirecionamento Permanente para a antiga URLs se a chave da URL mudar"
"Create Product Settings","Opções"
"Create Simple Associated Product","Criar Produto de Simples Associação"
"Create new category","Criar Categoria"
"Create new product","Criar Produto"
"Cross-sells","Venda Cruzada"
"Currently Shopping by:","Atualmente Comprando de:"
"Custom Design","Template Personalizado"
"Custom Options","Opções Personalizadas"
"Customer Group","Grupo do Cliente"
"Customers Reviews","Comentários de Clientes"
"Customers Tagged Product","Tags dos Clientes"
"Customers for alert %s were successfuly added to queue","Clientes para alertas %s foram adicionados a fila com sucesso"
"Data Type for Saving in Database","Tipo de Dados para Salvar no Banco de Dados"
"Date & Time Custom Options","Data & Hora Opções Personalizadas"
"Date Fields Order","Data campos de ordem"
"Date Subscribed","Data da Assinatura"
"Datetime","Data e Hora"
"Decimal","Decimal"
"Declare attribute value saving scope","Informe o ambiente em que o atributo ficará disponível"
"Default Price","Preço Padrão"
"Default Price Navigation Step","Preço Padrão Etapa Navegação"
"Default Qty","Quantidade Padrão"
"Default Values","Valores Padrão"
"Defines the base currency scope (""Currency Setup"" > ""Currency Options"" > ""Base Currency"").","Definir o escopo da moeda base (""Configuração de Moeda"" > ""Opção de Moeda"" > ""Moeda Base"")."
"Delete","Excluir"
"Delete Attribute","Excluir Atributo"
"Delete Attribute Set","Excluir Grupo de Atributos"
"Delete Category","Excluir"
"Delete Option","Excluir Opção"
"Delete Row","Excluir Linha"
"Delete Search","Excluir Busca"
"Delete Selected Group","Excluir Pasta"
"Delete category","Excluir Categoria"
"Delete product","Excluir Produto"
"Depends on design theme","Depende do seu template"
"Design","Template"
"Details","Detalhes"
"Disabled","Desabilitado"
"Disallowed file type.","Tipo de arquivo desabilitado."
"Display in Suggested Terms","Exibir em Termos Sugeridos"
"Double click on a group to rename it","Duplo clique no grupo para renomear"
"Double click on above image to view full picture","Duplo clique para aumentar imagem"
"Downloadable Information","Informações de Download"
"Duplicate","Duplicar"
"Duplicate website tier price customer group and quantity.","Duplicar website faixa de preço cliente grupo e quantidade."
"Duplicate website, country and state tax found.","Duplicar website, país e estado impostos encontrados."
"E.g. {{media url=""path/to/image.jpg""}} {{skin url=""path/to/picture.gif""}}. Dynamic directives parsing impacts catalog performance.","Ex. {{media url=""path/to/image.jpg""}} {{skin url=""path/to/picture.gif""}}. Analisar impacto de diretivas dinâmicas no desempenho do catálogo."
"Edit","Editar"
"Edit Attribute Set '%s'","Editar Grupo de Atributos '%s'"
"Edit Product Attribute","Editar Atributo"
"Edit Product Attribute ""%s""","Editar Atributo ""%s"""
"Edit Search","Editar Busca"
"Edit Search '%s'","Editar Busca '%s'"
"Edit Set Name","Editar Nome do Grupo"
"Email","Email"
"Email to %s was not sent.","Email para %s não foi enviado."
"Email to a Friend","Avisar um Amigo"
"Empty","Vazio"
"Enable Qty Increments","Habilitar Quantidade Incrementos"
"Stock Availability","Disponibilidade de estoque"
"Enable WYSIWYG","Permitir WYSIWYG"
"Enabled","Habilitado"
"Error during retrieval of option value: %s","Erro ao recuperar opções de valores: %s"
"Exclude","Retirar"
"Expand All","Expandir"
"Failed","Falhou"
"Failed to copy file %s. Please, delete media with non-existing images and try again.","Falha ao copiar arquivo %s. Apague a mídia com as imagens que não existem e tente novamente."
"Failed to move file: %s","Falha ao mover arquivo: %s"
"Feature Products","Produtos Destaques"
"Field is not complete","Campos não está completo"
"File options format is not valid.","Opções de formato de arquivo não é válido."
"File upload failed","Falha no envio de arquivo"
"Filter model name must be declared.","Nome do modelo de filtro precisa ser declarado."
"Filter must be an object. Please set correct filter.","Filtro precisa ser um objeto. Marque o filtro corretamente."
"Filterable (no results)","Filtrar (mesmo sem resultados)"
"Filterable (with results)","Filtrar (apenas com resultados)"
"First Name","Nome"
"Fixed","Fixado"
"For internal use.","For internal use."
"Frontend","Frontend"
"Frontend Model","Modelo Frontend"
"Maximum %","Máximo %"


"Properties","Propriedades"
"Frontend Properties","Propriedades de frente de página"
"Scope","Escopo"
"Use in Quick Search","Use na Busca Rápida"
"Use in Advanced Search","Use na Busca avançada"
"Use In Layered Navigation","Use na navegação em camadas"
"Use In Search Results Layered Navigation","Use em resultados de pesquisas de navegação em camadas"
"Use for Promo Rule Conditions","Use em condições de regras de promoções"
"Visible on Product View Page on Front-end","Visível na página de perfil do produto"
"Used in Product Listing","Use	a na lista de produtos"
"Used for Sorting in Product Listing","Use	para classificar a lista de produtos"

"Gallery","Galeria"
"General Information","Informações Gerais"
"Get special price","Obter preço especial"
"Global","Global"
"Globally Editable","Editável Globalmente"
"Go to Home Page","Ir para Página Inicial"
"Grid","Tabela"
"Grouped Product","Produto Agrupado"

"Simple Product","Produto Simples"
"Virtual Product","Produto Virtual"
"Groups","Grupos"
"Related Products","Produtos relacionados"
"Prices","Preços"
"Meta Information","Meta informações (SEO)"
"Recurring Profile","Perfil recorrente"
"Enable Recurring Profile","Habilitar perfil recorrente"


"Home","Início"
"ID","ID"
"ID: %s","ID: %s"
"If empty, the Category Name will be used","Se vazio, o nome da Categoria será usado"
"If empty, the Product Name will be used","Se vazio, o nome do Produto será usado"
"If you do not specify an option value for a specific store view then the default (Admin) value will be used.","Se você não informar um valor para as opções disponíveis então o valor padrão (Admin) será usado."
"Image","Imagem"
"Image content is not valid base64 data.","Imagem não contem dados base64 válidos."
"Image does not exist.","Imagem não existe."
"Image file was not found.","Arquivo de imagem não encontrado."
"Image type and information need to be specified for each store view.","Tipo de imagem e informação precisa ser informada para cada visão."
"In Stock","Em Estoque"
"In stock","Em estoque"
"Incl. Tax","Incl. Taxa"
"Index product and categories URL rewrites","Atualização das URLs Reescritas"
"Index product attributes for layered navigation building","Atualização dos atributos de navegação"
"Index product prices","Atualização dos preços dos produto"
"Indexed category/products association","Associação entre categorias e produtos"
"Info Column Options Wrapper","Info Coluna Opções Empacotamento"
"Input Type","Tipo de Campo"
"Integer","Inteiro"
"Invalid Tier Prices","Faixa de Preços Inválida"
"Invalid attribute %s.","Atributo Inválido %s."
"Invalid attribute option specified for attribute %s (%s), skipping the record.","Opção de atributo inválido para o atributo selecionado %s (%s), ignorando registro."
"Invalid attribute set specified, skipping the record.","Atributo inválido selecionado, ignorando registro."
"Invalid block: %s.","Bloco inválido: %s."
"Invalid category IDs.","IDs de categoria inválida."
"Invalid category.","Categoria inválida."
"Invalid image file type.","Tipo de arquivo de imagem inválida."
"Invalid image type.","Tipo de imagem inválida."
"Invalid option ID specified for %s (%s), skipping the record.","Opção de id selecionada inválida para %s (%s), ignorando registro."
"Invalid product type specified, skipping the record.","Tipo de produto selecionado inválido, ignorando registro."
"Invalid store specified","Loja selecionada inválida"
"Invalid store specified, skipping the record.","Loja selecionada inválida, ignorando registro."
"Invalid tier prices. The product is not associated to the requested website.","Faixa de preços inválida. Produto não está associado ao website informado."
"Invalid transactional email code.","Código de email de transação inválido."
"Inventory","Estoque"
"Is Default","Padrão"
"Is Required","Obrigatório"
"Items %s to %s of %s total","Itens %s para %s de %s total"
"Items that you do not want to show in the catalog or search results should have status 'Disabled' in the desired store.","Itens que você não quer mostrar no catálogo ou nos resultados de busca precisa ter o status 'Desabilitado' nas opções da loja."
"Items that you don't want to show in the catalog or search results should have status 'Disabled' in the desired store.","Itens que você não quer mostrar no catálogo ou nos resultados de busca precisa ter o status 'Desabilitado' nas opções da loja."
"Keep your eyes open for our special Back to School items and save A LOT!","Fique de olhos abertos nas promoções de volta as aulas e economize MUITO!"
"Label","Descrição"
"Last Name","Sobrenome"
"Last Notification","Última Notificação"
"Layered Navigation","Navegação em Camadas"
"Learn More","Detalhes"
"Line %d, Email: %s","Linha %d, Email: %s"
"Line %d, SKU: %s","Linha %d, SKU: %s"
"Link (Related, Up sell, Cross sell)","Link (Relacionado, Venda Agregada, Venda Cruzada)"
"Link product does not exist.","Link do produto não existe."
"Link to a Specified Category","Link para um Categoria Definida"
"Link to a Specified Product","Link para um Produto Definido"
"List","Lista"
"List Mode","Forma de Exibir os Produtos"
"List of Products that are set as New","Lista de Produtos que você marcou como Novo"
"Manage Attribute Sets","Gerenciar Grupo de Atributos"
"Manage Attributes","Gerenciar Atributos"
"Manage Catalog Categories","Gerenciar Categorias"
"Manage Categories","Gerenciar Categorias"
"Manage Label / Options","Gerenciar Descrição/Opções"
"Manage Options (values of your attribute)","Gerenciar Opções (valores do seu atributo)"
"Manage Product Attributes","Gerenciar Atributos do Produto"
"Manage Product Sets","Gerenciar Grupos de Produto"
"Manage Products","Gerenciar Produtos"
"Manage Stock","Gerenciar Estoque"
"Display Settings","Configurações de exibição"
"Qty","Quantidade"
"Qty for Item's Status to become Out of Stock","Quantidade para o status do ítem se tornar esgotado"
"Up-sells","Vendas desse produto"
"Manage Titles (Size, Color, etc.)","Gerenciar Descrição (Tamanho, Cor, etc.)"
"Max Characters","Máx. Caracteres"
"Maximal Depth","Fundo Máximo"
"Maximum Image Size","Tamanho Máximo da Imagem"
"Maximum Qty Allowed in Shopping Cart","Quantidade Máxima Permitida no Carrinho de Compras"
"Qty Uses Decimals","Usar vaores decimais em quantidade"
"Maximum allowed image size for '%s' is %sx%s px.","Tamanho máximo permitido para imagens '%s' é %sx%s px."
"Maximum image height","Altura Máxima da Imagem"
"Maximum image width","Largura Máxima da Imagem"
"Maximum number of characters:","Número Máximo de Caracteres:"
"Media Image","Mídia Imagem"
"Minimum Lines per Page","Mínimo de Linhas por Página"
"Minimum Qty Allowed in Shopping Cart","Quantidade Mínima Permitida no Carrinho de Compras"
"Minimum Qty for Item\'s Status to be Out of Stock","Quantidade Mínima para Indicar que o Item está Sem Estoque"
"Missing SKU, skipping the record.","Faltando SKU, ignorar registro."
"More Views","Mais Imagens"
"Move","Mover"
"Move category in tree","Mover categoria em árvore"
"Must be in the allowed values list.","Precisa estar na lista de valores permitidos."
"N/A","N/A"
"Name","Nome"
"Name in %s","Nome Em %s"
"New Product","Novo Produto"
"New Product Attribute","Novo Atributo de Produto"
"New Products","Novos Produtos"
"New Products Grid Template","Novos Produtos Modelo Tabela"
"New Products List Template","Novos Produtos Modelo Lista"
"New Root Category","Nova Categoria Principal"
"New Search","Nova Pesquisa"
"New Set Name","Novo Nome"
"New Subcategory","Nova Sub-Categoria"
"Next","Próximo"
"No","Não"
"No image","Sem imagem"
"No layout updates","Sem atualização de leiaute"
"No options of this product are available.","Nenhuma opção está disponível para este produto."
"No product collections found.","Nenhuma coleção de produtos encontrada."
"None","Nenhum"
"Not Visible Individually","Não Exibir Individualmente"
"Notify Low Stock RSS","RSS Estoque Baixo"
"Notify for Quantity Below","Avisar sobre Quantidade Baixa"
"Number of Products to Display","Número de Produtos para Exibir"
"Number of Uses","Número de Usos"
"Number of results<br/>(For the last time placed)","Número de resultados<br/>(Para último colocado)"
"OK","OK"
"OR","OU"
"Old Price:","Preço Original:"
"Option validation failed to add product to cart.","Opção de validação falhou para adicionar produto no carrinho de compras."
"Option:","Opção:"
"Options Control","Controle de Opções"
"Options is required","Opção é obrigatória"
"Our customer service is available 24/7. Call us at (555) 555-0123.","Nossos serviços estão disponíveis 24/7. Entre em contato (555) 555-0123."
"Out of Stock","Esgotado"
"Out of stock","Esgotado"
"PM","PM"
"Page Title Separator","Separador de Título da Página"
"Parent Category","Categoria Parente"
"Pending","Pendente"
"Pending Reviews RSS","RSS Comentários Pendentes"
"Percentage","Porcentagem"
"Please add rows to option.","Adicionar linhas para opções."
"Please be careful as once you click on the row it will load package data form the selected file and all unsaved form data will be lost.","Atenção, ao clicar na linha todos os dados do pacote serão carregados no formulário selecionado e os dados que não foram salvos serão perdidos."
"Please click on the Close Window button if it is not closed automatically.","Clique em Fechar Janela se você não deseja fechar automaticamente."
"Please enter a new group name","Informe o nome do grupo"
"Please refresh ""Catalog URL Rewrites"" and ""Product Attributes"" in System -> <a href=""%s"">Index Management</a>","Atualize ""Reescrita de URL de Catálogos"" e ""Atributo dos Produtos"" em Sistema -> <a href=""%s"">Gerenciador de Índex</a>"
"Please select a static block ...","Selecione um bloco estático..."
"Please select items.","Selecione os itens."
"Please select one or more attributes.","Selecione um ou mais atributos."
"Please select product(s).","Selecione produto(s)."
"Please select products for attributes update","Selecione produtos para atualizar atributos"
"Please specify date required option(s).","Informe a data de opção obrigatória."
"Please specify the product required option(s)","Algumas opções são obrigatórias"
"Please specify the product required option(s).","Algumas opções são obrigatórias."
"Please specify the product\'s option(s).","Informe as opções dos produtos."
"Please specify the product\'s required option(s).","Informe as opções obrigatórias dos produtos."
"Please specify the quantity of product(s).","Informe a quantidade de produto(s)."
"Please specify time required option(s).","Informe o tempo de opção obrigatório."
"Please wait...","Por favor aguarde..."
"Position","Posição"
"Position in Layered Navigation","Posição na Camada de Navegação"
"Position of attribute in layered navigation block","Ordem de exibição na área de navegação"
"Prev","Anterior"
"Previous","Próximo"
"Price","Preço"
"Price Navigation Step Calculation","Navegação de Preço Passo Calculado"
"Price Type","Tipo de Preço"
"Price is not available","Preço não está disponível"
"Price values for options should be specified in system base currency.","Opções para valores de Preços precisam ser informados no sistema de moeda base."
"Price:","Preço:"
"Price: %s","Preço: %s"
"Print This Page","Imprimir esta Página"
"Product","Produto"
"Product API","API do Produto"
"Product Alerts","Alerta de Produtos"
"Product Attribute","Atributo do Produto"
"Product Attributes","Atributos do Produto"
"Product Categories","Categorias do Produto"
"Product Description","Descrição"
"Product Extra Info","Info Extra Produto"
"Product Flat Data","Produto Unificado"
"Product ID","Product ID"
"Product Image Placeholders","Substituto de Imagens"
"Product Image Watermarks","Imagem Marca D'água dos Produtos"
"Product Images","Imagens do Produto"
"Product Images API","API de Imagens do Produto"
"Product In Websites","Produto Em Websites"
"Product Info Column","Produto Info Coluna"
"Product Information","Criar Produto"
"Product Link Block Template","Produto Link Modelo Bloco"
"Product Link Inline Template","Produto Link Modelo Inline"
"Product Listing Sort by","Listando Produtos pela Ordem"
"Product Name","Nome do Produto"
"Product Prices","Preços do Produto"
"Product Reviews","Comentários do Produto"
"Product Tags","Tags do Produto"
"Product Tier Price API","API da Faixa de Preços do Produto"
"Product Type","Tipo de Produto"
"Product URL Suffix","Sufixo da URL do Produto"
"Product View Extra Hint","Visualizar Dica Extra do Produto"
"Product attribute sets API","API de marcação dos atributos do Produto"
"Product attributes API","API atributos do Produto"
"Product collection expected.","Coleção de Produtos esperado."
"Product is not loaded","Produto não carregado"
"Product links API (related, cross sells, up sells)","API links do Produto (Relacionado, Venda Agregada, Venda Cruzada)"
"Product name","Nome do Produto"
"Product types API","API Tipos de Produto"
"Product with this combination of attributes already associated to configurable.","Produto com estas combinações de atributos já está associado para configurados."
"Products","Produtos"
"Products Comparison List","Lista de Comparação de Produtos"
"Products Information","Informações de Produtos"
"Products Reviews","Comentários de Produtos"
"Products Sitemap","Sitemap de Produtos"
"Products only","Apenas Produtos"
"Products per Page on Grid Allowed Values","Produtos por Página no Modo Tabela"
